Primer Name,Sequence
A153S_Lf,AACCATGTTAACTCTTGGAAGTCTCACGGTATGAATTTGGGTTCTAATT
A153S_Sr,AGAAAAGGTAATGGTAGCGTTAGAACCTGTTGG
A153S_Lr,AGAGTTAACATGGTTAGAAAAGGTAATGGTAGCGTTAGA
A153S_Sf,TGGAAGTCTCACGGTATGAATTTGGGTTCTAATT
L67V_Lf,GGTAATGGTTATGTGACATTATACGGCTGGACTAGATCCCCATTGA
L67V_Sr,ATTTGGAGCCCAAACACCAGCATTGTAG
L67V_Lr,CACATAACCATTACCATTTGGAGCCCAAACACCA
L67V_Sf,ACATTATACGGCTGGACTAGATCCCCATTGA
W165C_Lf,TTGGGTTCTAATTGTGCTTATCAAGTTATGGCTACTGAGGGTTATCAATCC
W165C_Sr,ATTCATACCGTGAGACTTCCAAGCGTTAACA
W165C_Lr,ACAATTAGAACCCAAATTCATACCGTGAGACTTCCAAG
W165C_Sf,GCTTATCAAGTTATGGCTACTGAGGGTTATCAATCC
P91S_Lf,GGTACTTACAGATCAACTGGTACTTATAAGGGTACTGTTAAGTCAGATGGTG
P91S_Sr,CCAAGAGTCAACAACATAATATTCGATCAATGGGG
P91S_Lr,TGATCTGTAAGTACCCCAAGAGTCAACAACATAATATTCG
P91S_Sf,ACTGGTACTTATAAGGGTACTGTTAAGTCAGATGGTG
S178F_Lf,GGTTATCAATCCTTTGGTTCTTCTAATGTTACCGTCTGGGGATCC
S178F_Sr,CTCAGTAGCCATAACTTGATAAGCCCAATTAGAACC
S178F_Lr,AAAGGATTGATAACCCTCAGTAGCCATAACTTGATAAGC
S178F_Sf,GGTTCTTCTAATGTTACCGTCTGGGGATCC
T127A_Lf,AGAACTACTTTTGCGCAGTACTGGTCTGTCAGACAATCTAAAAGACCAA
T127A_Sr,ATCACCATCAATAGATGGGGCGTTGTATCTAGTA
T127A_Lr,CGCAAAAGTAGTTCTATCACCATCAATAGATGGGGCG
T127A_Sf,CAGTACTGGTCTGTCAGACAATCTAAAAGACCAA
G97C_Lf,GGTACTTATAAGTGTACTGTTAAGTCAGATGGTGGTACTTACGATATCTACA
G97C_Sr,AGTTGGTCTGTAAGTACCCCAAGAGTCAAC
G97C_Lr,ACACTTATAAGTACCAGTTGGTCTGTAAGTACCCC
G97C_Sf,ACTGTTAAGTCAGATGGTGGTACTTACGATATCTACA
Y27H_Lf,TCTGGTGGTAACCACTCTGTTAACTGGTCTAATACTGGTAACTTCGTTGTTG
Y27H_Sr,ACCATTAACAGCATTAACTATACCACCACCATCAG
Y27H_Lr,GTGGTTACCACCAGAACCATTAACAGCATTAACTATACC
Y27H_Sf,TCTGTTAACTGGTCTAATACTGGTAACTTCGTTGTTG
